ID,氏名,ふりがな,性別,担当科目1,担当科目2
P001,秋場紀明,あきばのりあき,男,応用数学,数学演習
P002,有本太志,ありもとたいし,男,保健体育,
P003,大島恵理子,おおしまえりこ,女,心理学,
P004,鬼野極,おにのきわむ,男,プログラミング,
P005,高坂信之,こうさかのぶゆき,男,電磁気学,
P006,澤井信彦,さわいのぶひこ,男,情報ネットワーク,
P007,進藤健児,しんどうけんじ,男,システム開発演習,情報工学実習
P008,武山寛子,たけやまひろこ,女,情報理論,アルゴリズムとデータ構造
P009,土橋健二,つちはしけんじ,男,経済学,
P010,豊崎史朗,とよさきしろう,男,英会話,
P011,西田順,にしだじゅん,男,教養英語,科学英語
P012,古澤範人,ふるさわのりひと,男,物理学,
P013,細川靖司,ほそかわやすし,男,コミュニケーション入門,
P014,水沼勝敏,みずぬまかつとし,男,電子回路学,
P015,三谷和巳,みつやかずみ,男,信号処理,
P016,鷲見和紀,わしみかずのり,男,文学・文化学,
P001,秋場紀明,あきばのりあき,男,応用数学,数学演習
P002,有本太志,ありもとたいし,男,保健体育,
P003,大島恵理子,おおしまえりこ,女,心理学,
P004,鬼野極,おにのきわむ,男,プログラミング,
P005,高坂信之,こうさかのぶゆき,男,電磁気学,
P006,澤井信彦,さわいのぶひこ,男,情報ネットワーク,
P007,進藤健児,しんどうけんじ,男,システム開発演習,情報工学実習
P008,武山寛子,たけやまひろこ,女,情報理論,アルゴリズムとデータ構造
P009,土橋健二,つちはしけんじ,男,経済学,
P010,豊崎史朗,とよさきしろう,男,英会話,
P011,西田順,にしだじゅん,男,教養英語,科学英語
P012,古澤範人,ふるさわのりひと,男,物理学,
P013,細川靖司,ほそかわやすし,男,コミュニケーション入門,
P014,水沼勝敏,みずぬまかつとし,男,電子回路学,
P015,三谷和巳,みつやかずみ,男,信号処理,
P016,鷲見和紀,わしみかずのり,男,文学・文化学,
P001,秋場紀明,あきばのりあき,男,応用数学,数学演習
P002,有本太志,ありもとたいし,男,保健体育,
P003,大島恵理子,おおしまえりこ,女,心理学,
P004,鬼野極,おにのきわむ,男,プログラミング,
P005,高坂信之,こうさかのぶゆき,男,電磁気学,
P006,澤井信彦,さわいのぶひこ,男,情報ネットワーク,
P007,進藤健児,しんどうけんじ,男,システム開発演習,情報工学実習
P008,武山寛子,たけやまひろこ,女,情報理論,アルゴリズムとデータ構造
P009,土橋健二,つちはしけんじ,男,経済学,
P010,豊崎史朗,とよさきしろう,男,英会話,
P011,西田順,にしだじゅん,男,教養英語,科学英語
P012,古澤範人,ふるさわのりひと,男,物理学,
P013,細川靖司,ほそかわやすし,男,コミュニケーション入門,
P014,水沼勝敏,みずぬまかつとし,男,電子回路学,
P015,三谷和巳,みつやかずみ,男,信号処理,
P016,鷲見和紀,わしみかずのり,男,文学・文化学,
P001,秋場紀明,あきばのりあき,男,応用数学,数学演習
P002,有本太志,ありもとたいし,男,保健体育,
P003,大島恵理子,おおしまえりこ,女,心理学,
P004,鬼野極,おにのきわむ,男,プログラミング,
P005,高坂信之,こうさかのぶゆき,男,電磁気学,
P006,澤井信彦,さわいのぶひこ,男,情報ネットワーク,
P007,進藤健児,しんどうけんじ,男,システム開発演習,情報工学実習
P008,武山寛子,たけやまひろこ,女,情報理論,アルゴリズムとデータ構造
P009,土橋健二,つちはしけんじ,男,経済学,
P010,豊崎史朗,とよさきしろう,男,英会話,
P011,西田順,にしだじゅん,男,教養英語,科学英語
P012,古澤範人,ふるさわのりひと,男,物理学,
P013,細川靖司,ほそかわやすし,男,コミュニケーション入門,
P014,水沼勝敏,みずぬまかつとし,男,電子回路学,
P015,三谷和巳,みつやかずみ,男,信号処理,
P016,鷲見和紀,わしみかずのり,男,文学・文化学,
P001,秋場紀明,あきばのりあき,男,応用数学,数学演習
P002,有本太志,ありもとたいし,男,保健体育,
P003,大島恵理子,おおしまえりこ,女,心理学1,心理学2
P004,鬼野極,おにのきわむ,男,プログラミング,
P005,高坂信之,こうさかのぶゆき,男,電磁気学,
P006,澤井信彦,さわいのぶひこ,男,情報ネットワーク,
P007,進藤健児,しんどうけんじ,男,システム開発演習,情報工学実習
P008,武山寛子,たけやまひろこ,女,情報理論,アルゴリズムとデータ構造
P009,土橋健二,つちはしけんじ,男,経済学,
P010,豊崎史朗,とよさきしろう,男,英会話,
P011,西田順,にしだじゅん,男,教養英語,科学英語
P012,古澤範人,ふるさわのりひと,男,物理学,
P013,細川靖司,ほそかわやすし,男,コミュニケーション入門,
P014,水沼勝敏,みずぬまかつとし,男,電子回路学1,電子回路学2
P015,三谷和巳,みつやかずみ,男,信号処理,
P016,鷲見和紀,わしみかずのり,男,文学・文化学1,文学・文化学2
