学籍番号,名前,ふりがな,性別,IDm
S004,荒松晴一,あらまつせいいち,男,012E44A7A518807A
S005,有福政昭,ありふくまさあき,男,012E44A7A5159B8D
S008,石長佐久子,いしながさくこ,女,012E44A7A5154DAF
S009,泉川弘仁,いずかわひろひと,男,012E44A7A51549A3
S011,市之瀬龍治,いちのせりゅうじ,男,012E44A7A5156DA9
S023,大野貴暁,おおのたかあき,男,012E44A7A5123C39
S026,小笠公平,おがさこうへい,男,012E44A7A5181C82
S035,貴下紗侑里,きしたさゆり,女,012E44A7A5187159
S045,古明地宏人,こめいじひろと,男,012E44A7A5124687
S050,下河内公成,しもこうちきみなり,男,012E44A7A51596B6
S053,隅田庸介,すみたようすけ,男,012E44A7A515BF58
S059,檀野康昭,だんのやすあき,男,012E44A7A5117AA5
S069,中妻潔志,なかつまきよし,男,012E44A7A5188329
S075,萩間敦大,はぎまあつひろ,男,012E44A7A5158231
S080,花本圭祐,はなもとけいすけ,男,012E44A7A5184C7F
S082,日髙貴幸,ひだかたかゆき,男,012E44A7A518C560
S084,平野仰,ひらのあおぐ,男,012E44A7A51853A1
S088,矢形具美,やかたともみ,女,012E44A7A51869B3
S092,行田博彦,ゆきたひろひこ,男,012E44A7A51586AF
S093,柞木道典,ゆすのきみちのり,男,012E44A7A5157F5B
S095,吉中龍之介,よしなかりゅうのすけ,男,012E44A7A5151E70
S100,渡利雄祐,わたりゆうすけ,男,012E44A7A5112853
