学籍番号,氏名,IDm,入室時刻,出欠
S002,揚村巴絵,012E44A7A518527D,16:10:00,出席
S004,荒松晴一,012E44A7A518807A,16:10:01,出席
S007,池澄晃樹,012E44A7A5158B31,16:19:59,出席
S010,礒田睦史,012E44A7A5126FBC,16:12:24,出席
S011,市之瀬龍治,012E44A7A5156DA9,16:13:01,出席
S012,井手窪克茂,012E44A7A51253C2,16:15:04,出席
S014,入澤結香,012E44A7A5156A5A,16:10:45,出席
S015,印公一,012E44A7A5117921,16:11:48,出席
S016,浦松拓治,012E44A7A512676D,16:18:24,出席
S021,太田島映実,012E44A7A5159A7E,16:12:50,出席
S023,大野貴暁,012E44A7A5123C39,16:13:32,出席
S027,小桐純孝,012E44A7A5188A23,16:08:20,出席
S032,茅根信道,012E44A7A5189699,16:17:10,出席
S035,貴下紗侑里,012E44A7A5187159,16:05:43,出席
S036,木野大右,012E44A7A5185BA4,16:14:22,出席
S043,古橋哲幸,012E44A7A5115950,16:19:33,出席
S054,鷹取知也,012E44A7A515587D,16:15:30,出席
S057,田屋洋志,012E44A7A5127B45,16:12:15,出席
S058,太矢浩将,012E44A7A5127497,16:16:26,出席
S060,鄭健一郎,012E44A7A515235C,16:15:21,出席
S062,東山勇人,012E44A7A5158A31,16:11:12,出席
S064,徳益榮,012E44A7A5154E78,16:15:35,出席
S065,戸津崎礼央奈,012E44A7A515A494,16:07:06,出席
S066,友藤竜治,012E44A7A5188758,16:19:25,出席
S068,堂脇一志,012E44A7A5185054,16:18:59,出席
S069,中妻潔志,012E44A7A5188329,16:17:04,出席
S075,萩間敦大,012E44A7A5158231,16:14:57,出席
S076,波佐間敬次,012E44A7A5157E58,16:14:42,出席
S077,蓮池夕加里,012E44A7A5159335,16:17:20,出席
S081,菱泰章,012E44A7A5185260,16:12:55,出席
S082,日髙貴幸,012E44A7A518C560,16:15:41,出席
S084,平野仰,012E44A7A51853A1,16:13:28,出席
S088,矢形具美,012E44A7A51869B3,16:14:54,出席
S089,八下田駿佑,012E44A7A51832AB,16:16:24,出席
S092,行田博彦,012E44A7A51586AF,16:19:10,出席
S095,吉中龍之介,012E44A7A5151E70,16:13:45,出席
S096,吉馴典和,012E44A7A518A8B0,16:14:20,出席
S099,与那豊茂,012E44A7A5188331,16:11:31,出席